<configuration>

    <appender name="myConsoleAppender" class="ch.qos.logback.core.ConsoleAppender">
        <encoder>
            <pattern>
                %d{HH:mm:ss:SSS} [%thread] %-5level %logger{36} -%msg%n
            </pattern>
        </encoder>
    </appender>

    <appender name="myFileAppender" class="ch.qos.logback.core.rolling.RollingFileAppender">
        <file>logs/SmartContactManager.log</file>
        <rollingPolicy class="ch.qos.logback.core.rolling.SizeAndTimeBasedRollingPolicy">
            <fileNamePattern>logs/SmartContactManager-%d{yy-MM-dd_HH-mm}.%i.log</fileNamePattern>
            <maxFileSize>10MB</maxFileSize>
            <maxHistory>10</maxHistory>
        </rollingPolicy>
        <encoder>
            <pattern>
                %d{yy-MM-dd HH:mm:ss:SSS} [%thread] %-5level %logger{36} ------  %msg%n
            </pattern>
        </encoder>
    </appender>

    <root level="INFO">
        <appender-ref ref="myConsoleAppender" />
        <appender-ref ref="myFileAppender" />
    </root>

</configuration>
